suburb,forecast_22Nov,condition_22Nov,forecast_23Nov,condition_23Nov,forecast_23Nov,condition_23Nov,forecast_24Nov,condition_24Nov,forecast_25Nov,condition_25Nov
Abbotsbury,24.33,Clouds,25.67,Clouds,24.1,Clouds,30.38,Clouds,30.29,Clouds
Abbotsford,24.33,Clouds,25.67,Clouds,24.1,Clouds,30.38,Clouds,30.29,Clouds
Acacia Gardens,29,Clouds,30.15,Clouds,25.99,Clouds,34.96,Clouds,27.39,Clouds
Agnes Banks,32.84,Clouds,28.69,Clouds,23.72,Clouds,29.8,Clouds,26.12,Clouds
Airds,24.33,Clouds,25.67,Clouds,24.1,Clouds,30.38,Clouds,30.29,Clouds
Alexandria,24.33,Clouds,25.67,Clouds,24.1,Clouds,30.38,Clouds,30.29,Clouds
Alfords Point,24.33,Clouds,25.67,Clouds,24.1,Clouds,30.38,Clouds,30.29,Clouds
Allambie Heights,22.83,Clouds,20.38,Clouds,19.61,Clouds,21.84,Clouds,26.91,Clouds
Allawah,24.33,Clouds,25.67,Clouds,24.1,Clouds,30.38,Clouds,30.29,Clouds
Ambarvale,24.33,Clouds,25.67,Clouds,24.1,Clouds,30.38,Clouds,30.29,Clouds
Annandale,24.33,Clouds,25.67,Clouds,24.1,Clouds,30.38,Clouds,30.29,Clouds
Annangrove,29,Clouds,30.15,Clouds,25.99,Clouds,34.96,Clouds,27.39,Clouds
Arcadia,29,Clouds,30.15,Clouds,25.99,Clouds,34.96,Clouds,27.39,Clouds
Arncliffe,24.33,Clouds,25.67,Clouds,24.1,Clouds,30.38,Clouds,30.29,Clouds
Arndell Park,24.33,Clouds,25.67,Clouds,24.1,Clouds,30.38,Clouds,30.29,Clouds
Artarmon,24.33,Clouds,25.67,Clouds,24.1,Clouds,30.38,Clouds,30.29,Clouds
Ashbury,24.33,Clouds,25.67,Clouds,24.1,Clouds,30.38,Clouds,30.29,Clouds
Ashcroft,24.33,Clouds,25.67,Clouds,24.1,Clouds,30.38,Clouds,30.29,Clouds
Ashfield,24.33,Clouds,25.67,Clouds,24.1,Clouds,30.38,Clouds,30.29,Clouds
Asquith,29,Clouds,30.15,Clouds,25.99,Clouds,34.96,Clouds,27.39,Clouds
Auburn,24.6,Clear,23.33,Clear,29.31,Clear,30.96,Clouds,19.38,Clouds
Austral,24.33,Clouds,25.67,Clouds,24.1,Clouds,30.38,Clouds,30.29,Clouds
Avalon Beach,23.28,Clear,21.22,Clouds,20.29,Clouds,22.33,Clouds,25,Clouds
Badgerys Creek,31.78,Clouds,29.82,Clouds,24.14,Clouds,33.09,Clouds,30.16,Clouds
Balgowlah,22.83,Clouds,20.38,Clouds,19.61,Clouds,21.84,Clouds,26.91,Clouds
Balgowlah Heights,22.83,Clouds,20.38,Clouds,19.61,Clouds,21.84,Clouds,26.91,Clouds
Balmain,24.33,Clouds,25.67,Clouds,24.1,Clouds,30.38,Clouds,30.29,Clouds
Balmain East,24.33,Clouds,25.67,Clouds,24.1,Clouds,30.38,Clouds,30.29,Clouds
Bangor,24.33,Clouds,25.67,Clouds,24.1,Clouds,30.38,Clouds,30.29,Clouds
Banksia,24.33,Clouds,25.67,Clouds,24.1,Clouds,30.38,Clouds,30.29,Clouds
Banksmeadow,24.33,Clouds,25.67,Clouds,24.1,Clouds,30.38,Clouds,30.29,Clouds
Bankstown,24.33,Clouds,25.67,Clouds,24.1,Clouds,30.38,Clouds,30.29,Clouds
Barangaroo,24.33,Clouds,25.67,Clouds,24.1,Clouds,30.38,Clouds,30.29,Clouds
Barden Ridge,24.33,Clouds,25.67,Clouds,24.1,Clouds,30.38,Clouds,30.29,Clouds
Bardia,24.33,Clouds,25.67,Clouds,24.1,Clouds,30.38,Clouds,30.29,Clouds
Bardwell Park,24.33,Clouds,25.67,Clouds,24.1,Clouds,30.38,Clouds,30.29,Clouds
Bardwell Valley,24.33,Clouds,25.67,Clouds,24.1,Clouds,30.38,Clouds,30.29,Clouds
Bass Hill,24.33,Clouds,25.67,Clouds,24.1,Clouds,30.38,Clouds,30.29,Clouds
Baulkham Hills,24.33,Clouds,25.67,Clouds,24.1,Clouds,30.38,Clouds,30.29,Clouds
Bayview,23.28,Clear,21.22,Clouds,20.29,Clouds,22.33,Clouds,25,Clouds
Beacon Hill,22.83,Clouds,20.38,Clouds,19.61,Clouds,21.84,Clouds,26.91,Clouds
Beaconsfield,24.33,Clouds,25.67,Clouds,24.1,Clouds,30.38,Clouds,30.29,Clouds
Beaumont Hills,29,Clouds,30.15,Clouds,25.99,Clouds,34.96,Clouds,27.39,Clouds
Beecroft,24.33,Clouds,25.67,Clouds,24.1,Clouds,30.38,Clouds,30.29,Clouds
Belfield,24.33,Clouds,25.67,Clouds,24.1,Clouds,30.38,Clouds,30.29,Clouds
Bella Vista,29,Clouds,30.15,Clouds,25.99,Clouds,34.96,Clouds,27.39,Clouds
Bellevue Hill,22.83,Clouds,20.38,Clouds,19.61,Clouds,21.84,Clouds,26.91,Clouds
Belmore,24.33,Clouds,25.67,Clouds,24.1,Clouds,30.38,Clouds,30.29,Clouds
Belrose,29,Clouds,30.15,Clouds,25.99,Clouds,34.96,Clouds,27.39,Clouds
Berala,24.33,Clouds,25.67,Clouds,24.1,Clouds,30.38,Clouds,30.29,Clouds
Berkshire Park,29,Clouds,30.15,Clouds,25.99,Clouds,34.96,Clouds,27.39,Clouds
Berowra,29,Clouds,30.15,Clouds,25.99,Clouds,34.96,Clouds,27.39,Clouds
Berowra Creek,29,Clouds,30.15,Clouds,25.99,Clouds,34.96,Clouds,27.39,Clouds
Berowra Heights,29,Clouds,30.15,Clouds,25.99,Clouds,34.96,Clouds,27.39,Clouds
Berowra Waters,29,Clouds,30.15,Clouds,25.99,Clouds,34.96,Clouds,27.39,Clouds
Berrilee,29,Clouds,30.15,Clouds,25.99,Clouds,34.96,Clouds,27.39,Clouds
Beverley Park,24.33,Clouds,25.67,Clouds,24.1,Clouds,30.38,Clouds,30.29,Clouds
Beverly Hills,24.33,Clouds,25.67,Clouds,24.1,Clouds,30.38,Clouds,30.29,Clouds
Bexley,24.33,Clouds,25.67,Clouds,24.1,Clouds,30.38,Clouds,30.29,Clouds
Bexley North,24.33,Clouds,25.67,Clouds,24.1,Clouds,30.38,Clouds,30.29,Clouds
Bickley Vale,31.78,Clouds,29.82,Clouds,24.14,Clouds,33.09,Clouds,30.16,Clouds
Bidwill,29,Clouds,30.15,Clouds,25.99,Clouds,34.96,Clouds,27.39,Clouds
Bilgola Beach,23.28,Clear,21.22,Clouds,20.29,Clouds,22.33,Clouds,25,Clouds
Bilgola Plateau,23.28,Clear,21.22,Clouds,20.29,Clouds,22.33,Clouds,25,Clouds
Birchgrove,24.33,Clouds,25.67,Clouds,24.1,Clouds,30.38,Clouds,30.29,Clouds
Birrong,24.33,Clouds,25.67,Clouds,24.1,Clouds,30.38,Clouds,30.29,Clouds
Blackett,29,Clouds,30.15,Clouds,25.99,Clouds,34.96,Clouds,27.39,Clouds
Blacktown,24.33,Clouds,25.67,Clouds,24.1,Clouds,30.38,Clouds,30.29,Clouds
Blair Athol,24.33,Clouds,25.67,Clouds,24.1,Clouds,30.38,Clouds,30.29,Clouds
Blairmount,24.33,Clouds,25.67,Clouds,24.1,Clouds,30.38,Clouds,30.29,Clouds
Blakehurst,24.33,Clouds,25.67,Clouds,24.1,Clouds,30.38,Clouds,30.29,Clouds
Bligh Park,29,Clouds,30.15,Clouds,25.99,Clouds,34.96,Clouds,27.39,Clouds
Bondi,22.83,Clouds,20.38,Clouds,19.61,Clouds,21.84,Clouds,26.91,Clouds
Bondi Beach,22.83,Clouds,20.38,Clouds,19.61,Clouds,21.84,Clouds,26.91,Clouds
Bondi Junction,22.83,Clouds,20.38,Clouds,19.61,Clouds,21.84,Clouds,26.91,Clouds
Bonnet Bay,24.33,Clouds,25.67,Clouds,24.1,Clouds,30.38,Clouds,30.29,Clouds
Bonnyrigg,24.33,Clouds,25.67,Clouds,24.1,Clouds,30.38,Clouds,30.29,Clouds
Bonnyrigg Heights,24.33,Clouds,25.67,Clouds,24.1,Clouds,30.38,Clouds,30.29,Clouds
Bossley Park,24.33,Clouds,25.67,Clouds,24.1,Clouds,30.38,Clouds,30.29,Clouds
Botany,24.33,Clouds,25.67,Clouds,24.1,Clouds,30.38,Clouds,30.29,Clouds
Bow Bowing,24.33,Clouds,25.67,Clouds,24.1,Clouds,30.38,Clouds,30.29,Clouds
Box Hill,29,Clouds,30.15,Clouds,25.99,Clouds,34.96,Clouds,27.39,Clouds
Bradbury,19.61,Clouds,16.95,Clouds,18.53,Clouds,24.53,Clouds,15.57,Clear
Breakfast Point,24.33,Clouds,25.67,Clouds,24.1,Clouds,30.38,Clouds,30.29,Clouds
Brighton-Le-Sands,24.33,Clouds,25.67,Clouds,24.1,Clouds,30.38,Clouds,30.29,Clouds
Bringelly,31.78,Clouds,29.82,Clouds,24.14,Clouds,33.09,Clouds,30.16,Clouds
Bronte,22.83,Clouds,20.38,Clouds,19.61,Clouds,21.84,Clouds,26.91,Clouds
Brooklyn,29,Clouds,30.15,Clouds,25.99,Clouds,34.96,Clouds,27.39,Clouds
Brookvale,22.83,Clouds,20.38,Clouds,19.61,Clouds,21.84,Clouds,26.91,Clouds
Bundeena,24.33,Clouds,25.67,Clouds,24.1,Clouds,30.38,Clouds,30.29,Clouds
Bungarribee,24.33,Clouds,25.67,Clouds,24.1,Clouds,30.38,Clouds,30.29,Clouds
Burraneer,24.33,Clouds,25.67,Clouds,24.1,Clouds,30.38,Clouds,30.29,Clouds
Burwood,24.33,Clouds,25.67,Clouds,24.1,Clouds,30.38,Clouds,30.29,Clouds
Burwood Heights,24.33,Clouds,25.67,Clouds,24.1,Clouds,30.38,Clouds,30.29,Clouds
Busby,24.33,Clouds,25.67,Clouds,24.1,Clouds,30.38,Clouds,30.29,Clouds
Cabarita,24.33,Clouds,25.67,Clouds,24.1,Clouds,30.38,Clouds,30.29,Clouds
Cabramatta,24.33,Clouds,25.67,Clouds,24.1,Clouds,30.38,Clouds,30.29,Clouds
Cabramatta West,24.33,Clouds,25.67,Clouds,24.1,Clouds,30.38,Clouds,30.29,Clouds
Caddens,31.78,Clouds,29.82,Clouds,24.14,Clouds,33.09,Clouds,30.16,Clouds
Cambridge Gardens,32.84,Clouds,28.69,Clouds,23.72,Clouds,29.8,Clouds,26.12,Clouds
Cambridge Park,31.78,Clouds,29.82,Clouds,24.14,Clouds,33.09,Clouds,30.16,Clouds
Camden,31.78,Clouds,29.82,Clouds,24.14,Clouds,33.09,Clouds,30.16,Clouds
Camden South,31.78,Clouds,29.82,Clouds,24.14,Clouds,33.09,Clouds,30.16,Clouds
Camellia,24.33,Clouds,25.67,Clouds,24.1,Clouds,30.38,Clouds,30.29,Clouds
Cammeray,24.33,Clouds,25.67,Clouds,24.1,Clouds,30.38,Clouds,30.29,Clouds
Campbelltown,24.33,Clouds,25.67,Clouds,24.1,Clouds,30.38,Clouds,30.29,Clouds
Camperdown,19.41,Clouds,16.19,Rain,20.47,Clouds,22.03,Clouds,14.13,Rain
Campsie,24.33,Clouds,25.67,Clouds,24.1,Clouds,30.38,Clouds,30.29,Clouds
Canada Bay,24.33,Clouds,25.67,Clouds,24.1,Clouds,30.38,Clouds,30.29,Clouds
Canley Heights,24.33,Clouds,25.67,Clouds,24.1,Clouds,30.38,Clouds,30.29,Clouds
Canley Vale,24.33,Clouds,25.67,Clouds,24.1,Clouds,30.38,Clouds,30.29,Clouds
Canoelands,29,Clouds,30.15,Clouds,25.99,Clouds,34.96,Clouds,27.39,Clouds
Canterbury,24.33,Clouds,25.67,Clouds,24.1,Clouds,30.38,Clouds,30.29,Clouds
Caringbah,24.33,Clouds,25.67,Clouds,24.1,Clouds,30.38,Clouds,30.29,Clouds
Caringbah South,24.33,Clouds,25.67,Clouds,24.1,Clouds,30.38,Clouds,30.29,Clouds
Carlingford,24.33,Clouds,25.67,Clouds,24.1,Clouds,30.38,Clouds,30.29,Clouds
Carlton,24.33,Clouds,25.67,Clouds,24.1,Clouds,30.38,Clouds,30.29,Clouds
Carnes Hill,24.33,Clouds,25.67,Clouds,24.1,Clouds,30.38,Clouds,30.29,Clouds
Carramar,24.33,Clouds,25.67,Clouds,24.1,Clouds,30.38,Clouds,30.29,Clouds
Carss Park,24.33,Clouds,25.67,Clouds,24.1,Clouds,30.38,Clouds,30.29,Clouds
Cartwright,24.33,Clouds,25.67,Clouds,24.1,Clouds,30.38,Clouds,30.29,Clouds
Castle Cove,24.33,Clouds,25.67,Clouds,24.1,Clouds,30.38,Clouds,30.29,Clouds
Castle Hill,29,Clouds,30.15,Clouds,25.99,Clouds,34.96,Clouds,27.39,Clouds
Castlecrag,24.33,Clouds,25.67,Clouds,24.1,Clouds,30.38,Clouds,30.29,Clouds
Castlereagh,32.84,Clouds,28.69,Clouds,23.72,Clouds,29.8,Clouds,26.12,Clouds
Casula,24.33,Clouds,25.67,Clouds,24.1,Clouds,30.38,Clouds,30.29,Clouds
Catherine Field,24.33,Clouds,25.67,Clouds,24.1,Clouds,30.38,Clouds,30.29,Clouds
Cattai,29,Clouds,30.15,Clouds,25.99,Clouds,34.96,Clouds,27.39,Clouds
Cawdor,31.78,Clouds,29.82,Clouds,24.14,Clouds,33.09,Clouds,30.16,Clouds
Cecil Hills,24.33,Clouds,25.67,Clouds,24.1,Clouds,30.38,Clouds,30.29,Clouds
Cecil Park,24.33,Clouds,25.67,Clouds,24.1,Clouds,30.38,Clouds,30.29,Clouds
Centennial Park,24.33,Clouds,25.67,Clouds,24.1,Clouds,30.38,Clouds,30.29,Clouds
Chatswood,24.33,Clouds,25.67,Clouds,24.1,Clouds,30.38,Clouds,30.29,Clouds
Chatswood West,24.33,Clouds,25.67,Clouds,24.1,Clouds,30.38,Clouds,30.29,Clouds
Cheltenham,24.33,Clouds,25.67,Clouds,24.1,Clouds,30.38,Clouds,30.29,Clouds
Cherrybrook,29,Clouds,30.15,Clouds,25.99,Clouds,34.96,Clouds,27.39,Clouds
Chester Hill,24.33,Clouds,25.67,Clouds,24.1,Clouds,30.38,Clouds,30.29,Clouds
Chifley,33.56,Clouds,26.64,Clear,25.08,Clear,26.73,Clear,22.01,Clouds
Chippendale,24.33,Clouds,25.67,Clouds,24.1,Clouds,30.38,Clouds,30.29,Clouds
Chipping Norton,24.33,Clouds,25.67,Clouds,24.1,Clouds,30.38,Clouds,30.29,Clouds
Chiswick,24.33,Clouds,25.67,Clouds,24.1,Clouds,30.38,Clouds,30.29,Clouds
Chullora,24.33,Clouds,25.67,Clouds,24.1,Clouds,30.38,Clouds,30.29,Clouds
Church Point,23.34,Clear,21.22,Clouds,20.29,Clouds,22.33,Clouds,25,Clouds
Claremont Meadows,24.33,Clouds,25.67,Clouds,24.1,Clouds,30.38,Clouds,30.29,Clouds
Clarendon,29,Clouds,30.15,Clouds,25.99,Clouds,34.96,Clouds,27.39,Clouds
Clareville,23.34,Clear,21.22,Clouds,20.29,Clouds,22.33,Clouds,25,Clouds
Claymore,24.33,Clouds,25.67,Clouds,24.1,Clouds,30.38,Clouds,30.29,Clouds
Clemton Park,24.33,Clouds,25.67,Clouds,24.1,Clouds,30.38,Clouds,30.29,Clouds
Clontarf,22.9,Clouds,20.38,Clouds,19.61,Clouds,21.84,Clouds,26.91,Clouds
Clovelly,22.9,Clouds,20.38,Clouds,19.61,Clouds,21.84,Clouds,26.91,Clouds
Clyde,24.33,Clouds,25.67,Clouds,24.1,Clouds,30.38,Clouds,30.29,Clouds
Coasters Retreat,23.34,Clear,21.22,Clouds,20.29,Clouds,22.33,Clouds,25,Clouds
Cobbitty,31.78,Clouds,29.82,Clouds,24.14,Clouds,33.09,Clouds,30.16,Clouds
Colebee,29,Clouds,30.15,Clouds,25.99,Clouds,34.96,Clouds,27.39,Clouds
Collaroy,23.37,Clear,21.22,Clouds,20.29,Clouds,22.33,Clouds,25,Clouds
Collaroy Plateau,23.37,Clear,21.22,Clouds,20.29,Clouds,22.33,Clouds,25,Clouds
Colyton,24.33,Clouds,25.67,Clouds,24.1,Clouds,30.38,Clouds,30.29,Clouds
Como,24.33,Clouds,25.67,Clouds,24.1,Clouds,30.38,Clouds,30.29,Clouds
Concord,24.33,Clouds,25.67,Clouds,24.1,Clouds,30.38,Clouds,30.29,Clouds
Concord West,24.33,Clouds,25.67,Clouds,24.1,Clouds,30.38,Clouds,30.29,Clouds
Condell Park,24.33,Clouds,25.67,Clouds,24.1,Clouds,30.38,Clouds,30.29,Clouds
Connells Point,24.33,Clouds,25.67,Clouds,24.1,Clouds,30.38,Clouds,30.29,Clouds
Constitution Hill,24.33,Clouds,25.67,Clouds,24.1,Clouds,30.38,Clouds,30.29,Clouds
Coogee,22.83,Clouds,20.38,Clouds,19.61,Clouds,21.84,Clouds,26.91,Clouds
Cornwallis,29,Clouds,30.15,Clouds,25.99,Clouds,34.96,Clouds,27.39,Clouds
Cottage Point,29,Clouds,30.15,Clouds,25.99,Clouds,34.96,Clouds,27.39,Clouds
Cowan,29,Clouds,30.15,Clouds,25.99,Clouds,34.96,Clouds,27.39,Clouds
Cranebrook,32.84,Clouds,28.69,Clouds,23.72,Clouds,29.8,Clouds,26.12,Clouds
Cremorne,24.33,Clouds,25.67,Clouds,24.1,Clouds,30.38,Clouds,30.29,Clouds
Cremorne Point,24.33,Clouds,25.67,Clouds,24.1,Clouds,30.38,Clouds,30.29,Clouds
Cromer,23.37,Clear,21.22,Clouds,20.29,Clouds,22.33,Clouds,25,Clouds
Cronulla,24.33,Clouds,25.67,Clouds,24.1,Clouds,30.38,Clouds,30.29,Clouds
Crows Nest,33.46,Clear,31.81,Clear,31.41,Clear,30.62,Clouds,32.34,Clear
Croydon,19.83,Clouds,16.95,Clouds,18.53,Clouds,24.53,Clouds,15.57,Clear
Croydon Park,24.33,Clouds,25.67,Clouds,24.1,Clouds,30.38,Clouds,30.29,Clouds
Cumberland Reach,29,Clouds,30.15,Clouds,25.99,Clouds,34.96,Clouds,27.39,Clouds
Curl Curl,22.9,Clouds,20.38,Clouds,19.61,Clouds,21.84,Clouds,26.91,Clouds
Currans Hill,24.33,Clouds,25.67,Clouds,24.1,Clouds,30.38,Clouds,30.29,Clouds
Currawong Beach,23.34,Clear,21.22,Clouds,20.29,Clouds,22.33,Clouds,25,Clouds
Daceyville,24.33,Clouds,25.67,Clouds,24.1,Clouds,30.38,Clouds,30.29,Clouds
Dangar Island,29,Clouds,30.15,Clouds,25.99,Clouds,34.96,Clouds,27.39,Clouds
Darling Point,24.33,Clouds,25.67,Clouds,24.1,Clouds,30.38,Clouds,30.29,Clouds
Darlinghurst,24.33,Clouds,25.67,Clouds,24.1,Clouds,30.38,Clouds,30.29,Clouds
Darlington,24.33,Clouds,25.67,Clouds,24.1,Clouds,30.38,Clouds,30.29,Clouds
Davidson,29,Clouds,30.15,Clouds,25.99,Clouds,34.96,Clouds,27.39,Clouds
Dawes Point,24.33,Clouds,25.67,Clouds,24.1,Clouds,30.38,Clouds,30.29,Clouds
Dean Park,29,Clouds,30.15,Clouds,25.99,Clouds,34.96,Clouds,27.39,Clouds
Dee Why,22.92,Clouds,20.38,Clouds,19.61,Clouds,21.84,Clouds,26.91,Clouds
Denham Court,24.33,Clouds,25.67,Clouds,24.1,Clouds,30.38,Clouds,30.29,Clouds
Denistone,24.33,Clouds,25.67,Clouds,24.1,Clouds,30.38,Clouds,30.29,Clouds
Denistone East,24.33,Clouds,25.67,Clouds,24.1,Clouds,30.38,Clouds,30.29,Clouds
Denistone West,24.33,Clouds,25.67,Clouds,24.1,Clouds,30.38,Clouds,30.29,Clouds
Dharruk,24.33,Clouds,25.67,Clouds,24.1,Clouds,30.38,Clouds,30.29,Clouds
Dolans Bay,24.33,Clouds,25.67,Clouds,24.1,Clouds,30.38,Clouds,30.29,Clouds
Dolls Point,24.33,Clouds,25.67,Clouds,24.1,Clouds,30.38,Clouds,30.29,Clouds
Doonside,24.33,Clouds,25.67,Clouds,24.1,Clouds,30.38,Clouds,30.29,Clouds
Double Bay,24.33,Clouds,25.67,Clouds,24.1,Clouds,30.38,Clouds,30.29,Clouds
Dover Heights,22.92,Clouds,20.38,Clouds,19.61,Clouds,21.84,Clouds,26.91,Clouds
Drummoyne,24.33,Clouds,25.67,Clouds,24.1,Clouds,30.38,Clouds,30.29,Clouds
Duffys Forest,29,Clouds,30.15,Clouds,25.99,Clouds,34.96,Clouds,27.39,Clouds
Dulwich Hill,24.33,Clouds,25.67,Clouds,24.1,Clouds,30.38,Clouds,30.29,Clouds
Dundas,24.33,Clouds,25.67,Clouds,24.1,Clouds,30.38,Clouds,30.29,Clouds
Dundas Valley,24.33,Clouds,25.67,Clouds,24.1,Clouds,30.38,Clouds,30.29,Clouds
Dural,29,Clouds,30.15,Clouds,25.99,Clouds,34.96,Clouds,27.39,Clouds
Eagle Vale,24.33,Clouds,25.67,Clouds,24.1,Clouds,30.38,Clouds,30.29,Clouds
Earlwood,24.33,Clouds,25.67,Clouds,24.1,Clouds,30.38,Clouds,30.29,Clouds
East Hills,24.33,Clouds,25.67,Clouds,24.1,Clouds,30.38,Clouds,30.29,Clouds
East Killara,24.33,Clouds,25.67,Clouds,24.1,Clouds,30.38,Clouds,30.29,Clouds
East Kurrajong,29,Clouds,30.15,Clouds,25.99,Clouds,34.96,Clouds,27.39,Clouds
East Lindfield,24.33,Clouds,25.67,Clouds,24.1,Clouds,30.38,Clouds,30.29,Clouds
East Ryde,24.33,Clouds,25.67,Clouds,24.1,Clouds,30.38,Clouds,30.29,Clouds
Eastern Creek,24.33,Clouds,25.67,Clouds,24.1,Clouds,30.38,Clouds,30.29,Clouds
Eastgardens,24.33,Clouds,25.67,Clouds,24.1,Clouds,30.38,Clouds,30.29,Clouds
Eastlakes,24.33,Clouds,25.67,Clouds,24.1,Clouds,30.38,Clouds,30.29,Clouds
Eastwood,24.33,Clouds,25.67,Clouds,24.1,Clouds,30.38,Clouds,30.29,Clouds
Ebenezer,29,Clouds,30.15,Clouds,25.99,Clouds,34.96,Clouds,27.39,Clouds
Edensor Park,24.33,Clouds,25.67,Clouds,24.1,Clouds,30.38,Clouds,30.29,Clouds
Edgecliff,24.33,Clouds,25.67,Clouds,24.1,Clouds,30.38,Clouds,30.29,Clouds
Edmondson Park,24.33,Clouds,25.67,Clouds,24.1,Clouds,30.38,Clouds,30.29,Clouds
Elanora Heights,23.36,Clear,21.22,Clouds,20.29,Clouds,22.33,Clouds,25,Clouds
Elderslie,31.78,Clouds,29.82,Clouds,24.14,Clouds,33.09,Clouds,30.16,Clouds
Elizabeth Bay,24.33,Clouds,25.67,Clouds,24.1,Clouds,30.38,Clouds,30.29,Clouds
Elizabeth Hills,24.33,Clouds,25.67,Clouds,24.1,Clouds,30.38,Clouds,30.29,Clouds
Ellis Lane,31.78,Clouds,29.82,Clouds,24.14,Clouds,33.09,Clouds,30.16,Clouds
Elvina Bay,23.36,Clear,21.22,Clouds,20.29,Clouds,22.33,Clouds,25,Clouds
Emerton,24.33,Clouds,25.67,Clouds,24.1,Clouds,30.38,Clouds,30.29,Clouds
Emu Heights,32.84,Clouds,28.69,Clouds,23.72,Clouds,29.8,Clouds,26.12,Clouds
Emu Plains,31.78,Clouds,29.82,Clouds,24.14,Clouds,33.09,Clouds,30.16,Clouds
Enfield,24.33,Clouds,25.67,Clouds,24.1,Clouds,30.38,Clouds,30.29,Clouds
Engadine,24.33,Clouds,25.67,Clouds,24.1,Clouds,30.38,Clouds,30.29,Clouds
Englorie Park,24.33,Clouds,25.67,Clouds,24.1,Clouds,30.38,Clouds,30.29,Clouds
Enmore,24.33,Clouds,25.67,Clouds,24.1,Clouds,30.38,Clouds,30.29,Clouds
Epping,24.33,Clouds,25.67,Clouds,24.1,Clouds,30.38,Clouds,30.29,Clouds
Ermington,24.33,Clouds,25.67,Clouds,24.1,Clouds,30.38,Clouds,30.29,Clouds
Erskine Park,24.33,Clouds,25.67,Clouds,24.1,Clouds,30.38,Clouds,30.29,Clouds
Erskineville,24.33,Clouds,25.67,Clouds,24.1,Clouds,30.38,Clouds,30.29,Clouds
Eschol Park,24.33,Clouds,25.67,Clouds,24.1,Clouds,30.38,Clouds,30.29,Clouds
Eveleigh,24.33,Clouds,25.67,Clouds,24.1,Clouds,30.38,Clouds,30.29,Clouds
Fairfield,24.33,Clouds,25.67,Clouds,24.1,Clouds,30.38,Clouds,30.29,Clouds
Fairfield East,24.33,Clouds,25.67,Clouds,24.1,Clouds,30.38,Clouds,30.29,Clouds
Fairfield Heights,24.33,Clouds,25.67,Clouds,24.1,Clouds,30.38,Clouds,30.29,Clouds
Fairfield West,24.33,Clouds,25.67,Clouds,24.1,Clouds,30.38,Clouds,30.29,Clouds
Fairlight,22.92,Clouds,20.38,Clouds,19.61,Clouds,21.84,Clouds,26.91,Clouds
Fiddletown,29,Clouds,30.15,Clouds,25.99,Clouds,34.96,Clouds,27.39,Clouds
Five Dock,24.33,Clouds,25.67,Clouds,24.1,Clouds,30.38,Clouds,30.29,Clouds
Flemington,17.63,Clear,17.39,Clouds,15.75,Clear,21.25,Clouds,13.48,Rain
Forest Glen,29,Clouds,30.15,Clouds,25.99,Clouds,34.96,Clouds,27.39,Clouds
Forest Lodge,24.33,Clouds,25.67,Clouds,24.1,Clouds,30.38,Clouds,30.29,Clouds
Forestville,24.33,Clouds,25.67,Clouds,24.1,Clouds,30.38,Clouds,30.29,Clouds
Freemans Reach,29,Clouds,30.15,Clouds,25.99,Clouds,34.96,Clouds,27.39,Clouds
Frenchs Forest,24.33,Clouds,25.67,Clouds,24.1,Clouds,30.38,Clouds,30.29,Clouds
Freshwater,22.92,Clouds,20.38,Clouds,19.61,Clouds,21.84,Clouds,26.91,Clouds
Galston,29,Clouds,30.15,Clouds,25.99,Clouds,34.96,Clouds,27.39,Clouds
Georges Hall,24.33,Clouds,25.67,Clouds,24.1,Clouds,30.38,Clouds,30.29,Clouds
Gilead,24.33,Clouds,25.67,Clouds,24.1,Clouds,30.38,Clouds,30.29,Clouds
Girraween,24.33,Clouds,25.67,Clouds,24.1,Clouds,30.38,Clouds,30.29,Clouds
Gladesville,24.33,Clouds,25.67,Clouds,24.1,Clouds,30.38,Clouds,30.29,Clouds
Glebe,21.02,Clouds,13.67,Rain,14.1,Clouds,15.22,Clouds,11.54,Rain
Gledswood Hills,24.33,Clouds,25.67,Clouds,24.1,Clouds,30.38,Clouds,30.29,Clouds
Glen Alpine,24.33,Clouds,25.67,Clouds,24.1,Clouds,30.38,Clouds,30.29,Clouds
Glendenning,24.33,Clouds,25.67,Clouds,24.1,Clouds,30.38,Clouds,30.29,Clouds
Glenfield,24.33,Clouds,25.67,Clouds,24.1,Clouds,30.38,Clouds,30.29,Clouds
Glenhaven,29,Clouds,30.15,Clouds,25.99,Clouds,34.96,Clouds,27.39,Clouds
Glenmore Park,31.78,Clouds,29.82,Clouds,24.14,Clouds,33.09,Clouds,30.16,Clouds
Glenorie,29,Clouds,30.15,Clouds,25.99,Clouds,34.96,Clouds,27.39,Clouds
Glenwood,29,Clouds,30.15,Clouds,25.99,Clouds,34.96,Clouds,27.39,Clouds
Glossodia,29,Clouds,30.15,Clouds,25.99,Clouds,34.96,Clouds,27.39,Clouds
Gordon,24.33,Clouds,25.67,Clouds,24.1,Clouds,30.38,Clouds,30.29,Clouds
Granville,24.33,Clouds,25.67,Clouds,24.1,Clouds,30.38,Clouds,30.29,Clouds
Grasmere,31.78,Clouds,29.82,Clouds,24.14,Clouds,33.09,Clouds,30.16,Clouds
Grays Point,24.33,Clouds,25.67,Clouds,24.1,Clouds,30.38,Clouds,30.29,Clouds
Great Mackerel Beach,23.36,Clear,21.22,Clouds,20.29,Clouds,22.33,Clouds,25,Clouds
Green Valley,24.33,Clouds,25.67,Clouds,24.1,Clouds,30.38,Clouds,30.29,Clouds
Greenacre,24.33,Clouds,25.67,Clouds,24.1,Clouds,30.38,Clouds,30.29,Clouds
Greendale,31.78,Clouds,29.82,Clouds,24.14,Clouds,33.09,Clouds,30.16,Clouds
Greenfield Park,24.33,Clouds,25.67,Clouds,24.1,Clouds,30.38,Clouds,30.29,Clouds
Greenhills Beach,24.33,Clouds,25.67,Clouds,24.1,Clouds,30.38,Clouds,30.29,Clouds
Greenwich,24.33,Clouds,25.67,Clouds,24.1,Clouds,30.38,Clouds,30.29,Clouds
Gregory Hills,24.33,Clouds,25.67,Clouds,24.1,Clouds,30.38,Clouds,30.29,Clouds
Greystanes,24.33,Clouds,25.67,Clouds,24.1,Clouds,30.38,Clouds,30.29,Clouds
Grose Vale,32.84,Clouds,28.69,Clouds,23.72,Clouds,29.8,Clouds,26.12,Clouds
Grose Wold,32.84,Clouds,28.69,Clouds,23.72,Clouds,29.8,Clouds,26.12,Clouds
Guildford,28.03,Clouds,29.47,Clear,27.37,Clouds,26.64,Clear,30.87,Clear
Guildford West,24.33,Clouds,25.67,Clouds,24.1,Clouds,30.38,Clouds,30.29,Clouds
Gymea,24.33,Clouds,25.67,Clouds,24.1,Clouds,30.38,Clouds,30.29,Clouds
Gymea Bay,24.33,Clouds,25.67,Clouds,24.1,Clouds,30.38,Clouds,30.29,Clouds
Haberfield,24.33,Clouds,25.67,Clouds,24.1,Clouds,30.38,Clouds,30.29,Clouds
Hammondville,24.33,Clouds,25.67,Clouds,24.1,Clouds,30.38,Clouds,30.29,Clouds
Harrington Park,31.78,Clouds,29.82,Clouds,24.14,Clouds,33.09,Clouds,30.16,Clouds
Harris Park,24.33,Clouds,25.67,Clouds,24.1,Clouds,30.38,Clouds,30.29,Clouds
Hassall Grove,29,Clouds,30.15,Clouds,25.99,Clouds,34.96,Clouds,27.39,Clouds
Haymarket,24.33,Clouds,25.67,Clouds,24.1,Clouds,30.38,Clouds,30.29,Clouds
Heathcote,24.99,Clear,23.33,Clouds,25.27,Clear,30.65,Clouds,18.38,Clear
Hebersham,24.33,Clouds,25.67,Clouds,24.1,Clouds,30.38,Clouds,30.29,Clouds
Heckenberg,24.33,Clouds,25.67,Clouds,24.1,Clouds,30.38,Clouds,30.29,Clouds
Henley,24.33,Clouds,25.67,Clouds,24.1,Clouds,30.38,Clouds,30.29,Clouds
Hillsdale,24.33,Clouds,25.67,Clouds,24.1,Clouds,30.38,Clouds,30.29,Clouds
Hinchinbrook,24.33,Clouds,25.67,Clouds,24.1,Clouds,30.38,Clouds,30.29,Clouds
Hobartville,32.84,Clouds,28.69,Clouds,23.72,Clouds,29.8,Clouds,26.12,Clouds
Holroyd,24.33,Clouds,25.67,Clouds,24.1,Clouds,30.38,Clouds,30.29,Clouds
Holsworthy,24.33,Clouds,25.67,Clouds,24.1,Clouds,30.38,Clouds,30.29,Clouds
Homebush,24.33,Clouds,25.67,Clouds,24.1,Clouds,30.38,Clouds,30.29,Clouds
Homebush West,24.33,Clouds,25.67,Clouds,24.1,Clouds,30.38,Clouds,30.29,Clouds
Horningsea Park,24.33,Clouds,25.67,Clouds,24.1,Clouds,30.38,Clouds,30.29,Clouds
Hornsby,29,Clouds,30.15,Clouds,25.99,Clouds,34.96,Clouds,27.39,Clouds
Hornsby Heights,29,Clouds,30.15,Clouds,25.99,Clouds,34.96,Clouds,27.39,Clouds
Horsley Park,24.33,Clouds,25.67,Clouds,24.1,Clouds,30.38,Clouds,30.29,Clouds
Hoxton Park,24.33,Clouds,25.67,Clouds,24.1,Clouds,30.38,Clouds,30.29,Clouds
Hunters Hill,24.33,Clouds,25.67,Clouds,24.1,Clouds,30.38,Clouds,30.29,Clouds
Huntingwood,24.33,Clouds,25.67,Clouds,24.1,Clouds,30.38,Clouds,30.29,Clouds
Huntleys Cove,24.33,Clouds,25.67,Clouds,24.1,Clouds,30.38,Clouds,30.29,Clouds
Huntleys Point,24.33,Clouds,25.67,Clouds,24.1,Clouds,30.38,Clouds,30.29,Clouds
Hurlstone Park,24.33,Clouds,25.67,Clouds,24.1,Clouds,30.38,Clouds,30.29,Clouds
Hurstville,24.33,Clouds,25.67,Clouds,24.1,Clouds,30.38,Clouds,30.29,Clouds
Hurstville Grove,24.33,Clouds,25.67,Clouds,24.1,Clouds,30.38,Clouds,30.29,Clouds
Illawong,24.33,Clouds,25.67,Clouds,24.1,Clouds,30.38,Clouds,30.29,Clouds
Ingleburn,24.33,Clouds,25.67,Clouds,24.1,Clouds,30.38,Clouds,30.29,Clouds
Ingleside,23.36,Clear,21.22,Clouds,20.29,Clouds,22.33,Clouds,25,Clouds
Jamisontown,31.78,Clouds,29.82,Clouds,24.14,Clouds,33.09,Clouds,30.16,Clouds
Jannali,24.33,Clouds,25.67,Clouds,24.1,Clouds,30.38,Clouds,30.29,Clouds
Jordan Springs,32.84,Clouds,28.69,Clouds,23.72,Clouds,29.8,Clouds,26.12,Clouds
Kangaroo Point,24.33,Clouds,25.67,Clouds,24.1,Clouds,30.38,Clouds,30.29,Clouds
Kareela,24.33,Clouds,25.67,Clouds,24.1,Clouds,30.38,Clouds,30.29,Clouds
Kearns,24.33,Clouds,25.67,Clouds,24.1,Clouds,30.38,Clouds,30.29,Clouds
Kellyville,29,Clouds,30.15,Clouds,25.99,Clouds,34.96,Clouds,27.39,Clouds
Kellyville Ridge,29,Clouds,30.15,Clouds,25.99,Clouds,34.96,Clouds,27.39,Clouds
Kemps Creek,24.33,Clouds,25.67,Clouds,24.1,Clouds,30.38,Clouds,30.29,Clouds
Kensington,24.33,Clouds,25.67,Clouds,24.1,Clouds,30.38,Clouds,30.29,Clouds
Kenthurst,29,Clouds,30.15,Clouds,25.99,Clouds,34.96,Clouds,27.39,Clouds
Kentlyn,24.33,Clouds,25.67,Clouds,24.1,Clouds,30.38,Clouds,30.29,Clouds
Killara,24.33,Clouds,25.67,Clouds,24.1,Clouds,30.38,Clouds,30.29,Clouds
Killarney Heights,24.33,Clouds,25.67,Clouds,24.1,Clouds,30.38,Clouds,30.29,Clouds
Kings Langley,24.33,Clouds,25.67,Clouds,24.1,Clouds,30.38,Clouds,30.29,Clouds
Kings Park,29,Clouds,30.15,Clouds,25.99,Clouds,34.96,Clouds,27.39,Clouds
Kingsford,24.33,Clouds,25.67,Clouds,24.1,Clouds,30.38,Clouds,30.29,Clouds
Kingsgrove,24.33,Clouds,25.67,Clouds,24.1,Clouds,30.38,Clouds,30.29,Clouds
Kingswood,31.78,Clouds,29.82,Clouds,24.14,Clouds,33.09,Clouds,30.16,Clouds
Kirkham,31.78,Clouds,29.82,Clouds,24.14,Clouds,33.09,Clouds,30.16,Clouds
Kirrawee,24.33,Clouds,25.67,Clouds,24.1,Clouds,30.38,Clouds,30.29,Clouds
Kirribilli,24.33,Clouds,25.67,Clouds,24.1,Clouds,30.38,Clouds,30.29,Clouds
Kogarah,24.33,Clouds,25.67,Clouds,24.1,Clouds,30.38,Clouds,30.29,Clouds
Kogarah Bay,24.33,Clouds,25.67,Clouds,24.1,Clouds,30.38,Clouds,30.29,Clouds
Ku-ring-gai Chase,29,Clouds,30.15,Clouds,25.99,Clouds,34.96,Clouds,27.39,Clouds
Kurmond,32.84,Clouds,28.69,Clouds,23.72,Clouds,29.8,Clouds,26.12,Clouds
Kurnell,24.33,Clouds,25.67,Clouds,24.1,Clouds,30.38,Clouds,30.29,Clouds
Kurraba Point,24.33,Clouds,25.67,Clouds,24.1,Clouds,30.38,Clouds,30.29,Clouds
Kurrajong,32.84,Clouds,28.69,Clouds,23.72,Clouds,29.8,Clouds,26.12,Clouds
Kurrajong Hills,32.84,Clouds,28.69,Clouds,23.72,Clouds,29.8,Clouds,26.12,Clouds
Kyeemagh,24.33,Clouds,25.67,Clouds,24.1,Clouds,30.38,Clouds,30.29,Clouds
Kyle Bay,24.33,Clouds,25.67,Clouds,24.1,Clouds,30.38,Clouds,30.29,Clouds
La Perouse,24.33,Clouds,25.67,Clouds,24.1,Clouds,30.38,Clouds,30.29,Clouds
Lakemba,24.33,Clouds,25.67,Clouds,24.1,Clouds,30.38,Clouds,30.29,Clouds
Lalor Park,24.33,Clouds,25.67,Clouds,24.1,Clouds,30.38,Clouds,30.29,Clouds
Lane Cove,24.33,Clouds,25.67,Clouds,24.1,Clouds,30.38,Clouds,30.29,Clouds
Lane Cove North,24.33,Clouds,25.67,Clouds,24.1,Clouds,30.38,Clouds,30.29,Clouds
Lane Cove West,24.33,Clouds,25.67,Clouds,24.1,Clouds,30.38,Clouds,30.29,Clouds
Lansdowne,24.33,Clouds,25.67,Clouds,24.1,Clouds,30.38,Clouds,30.29,Clouds
Lansvale,24.33,Clouds,25.67,Clouds,24.1,Clouds,30.38,Clouds,30.29,Clouds
Laughtondale,29,Clouds,30.15,Clouds,25.99,Clouds,34.96,Clouds,27.39,Clouds
Lavender Bay,24.33,Clouds,25.67,Clouds,24.1,Clouds,30.38,Clouds,30.29,Clouds
Leets Vale,29,Clouds,30.15,Clouds,25.99,Clouds,34.96,Clouds,27.39,Clouds
Leichhardt,24.33,Clouds,25.67,Clouds,24.1,Clouds,30.38,Clouds,30.29,Clouds
Leonay,31.78,Clouds,29.82,Clouds,24.14,Clouds,33.09,Clouds,30.16,Clouds
Leppington,24.33,Clouds,25.67,Clouds,24.1,Clouds,30.38,Clouds,30.29,Clouds
Lethbridge Park,29,Clouds,30.15,Clouds,25.99,Clouds,34.96,Clouds,27.39,Clouds
Leumeah,24.33,Clouds,25.67,Clouds,24.1,Clouds,30.38,Clouds,30.29,Clouds
Lewisham,24.33,Clouds,25.67,Clouds,24.1,Clouds,30.38,Clouds,30.29,Clouds
Liberty Grove,24.33,Clouds,25.67,Clouds,24.1,Clouds,30.38,Clouds,30.29,Clouds
Lidcombe,24.33,Clouds,25.67,Clouds,24.1,Clouds,30.38,Clouds,30.29,Clouds
Lilli Pilli,24.33,Clouds,25.67,Clouds,24.1,Clouds,30.38,Clouds,30.29,Clouds
Lilyfield,24.33,Clouds,25.67,Clouds,24.1,Clouds,30.38,Clouds,30.29,Clouds
Lindfield,24.33,Clouds,25.67,Clouds,24.1,Clouds,30.38,Clouds,30.29,Clouds
Linley Point,24.33,Clouds,25.67,Clouds,24.1,Clouds,30.38,Clouds,30.29,Clouds
Liverpool,24.33,Clouds,25.67,Clouds,24.1,Clouds,30.38,Clouds,30.29,Clouds
Llandilo,29,Clouds,30.15,Clouds,25.99,Clouds,34.96,Clouds,27.39,Clouds
Loftus,24.33,Clouds,25.67,Clouds,24.1,Clouds,30.38,Clouds,30.29,Clouds
Londonderry,32.84,Clouds,28.69,Clouds,23.72,Clouds,29.8,Clouds,26.12,Clouds
Long Point,24.33,Clouds,25.67,Clouds,24.1,Clouds,30.38,Clouds,30.29,Clouds
Longueville,24.33,Clouds,25.67,Clouds,24.1,Clouds,30.38,Clouds,30.29,Clouds
Lovett Bay,23.36,Clear,21.22,Clouds,20.29,Clouds,22.33,Clouds,25,Clouds
Lower Portland,29,Clouds,30.15,Clouds,25.99,Clouds,34.96,Clouds,27.39,Clouds
Lucas Heights,24.33,Clouds,25.67,Clouds,24.1,Clouds,30.38,Clouds,30.29,Clouds
Luddenham,31.78,Clouds,29.82,Clouds,24.14,Clouds,33.09,Clouds,30.16,Clouds
Lugarno,24.33,Clouds,25.67,Clouds,24.1,Clouds,30.38,Clouds,30.29,Clouds
Lurnea,24.33,Clouds,25.67,Clouds,24.1,Clouds,30.38,Clouds,30.29,Clouds
Macquarie Fields,24.33,Clouds,25.67,Clouds,24.1,Clouds,30.38,Clouds,30.29,Clouds
Macquarie Links,24.33,Clouds,25.67,Clouds,24.1,Clouds,30.38,Clouds,30.29,Clouds
Macquarie Park,24.33,Clouds,25.67,Clouds,24.1,Clouds,30.38,Clouds,30.29,Clouds
Maianbar,24.33,Clouds,25.67,Clouds,24.1,Clouds,30.38,Clouds,30.29,Clouds
Malabar,22.92,Clouds,20.38,Clouds,19.61,Clouds,21.84,Clouds,26.91,Clouds
Manly,22.92,Clouds,20.38,Clouds,19.61,Clouds,21.84,Clouds,26.91,Clouds
Manly Vale,22.92,Clouds,20.38,Clouds,19.61,Clouds,21.84,Clouds,26.91,Clouds
Maraylya,29,Clouds,30.15,Clouds,25.99,Clouds,34.96,Clouds,27.39,Clouds
Marayong,24.33,Clouds,25.67,Clouds,24.1,Clouds,30.38,Clouds,30.29,Clouds
Maroota,29,Clouds,30.15,Clouds,25.99,Clouds,34.96,Clouds,27.39,Clouds
Maroubra,22.92,Clouds,20.38,Clouds,19.61,Clouds,21.84,Clouds,26.91,Clouds
Marrickville,24.33,Clouds,25.67,Clouds,24.1,Clouds,30.38,Clouds,30.29,Clouds
Marsden Park,29,Clouds,30.15,Clouds,25.99,Clouds,34.96,Clouds,27.39,Clouds
Marsfield,24.33,Clouds,25.67,Clouds,24.1,Clouds,30.38,Clouds,30.29,Clouds
Mascot,24.33,Clouds,25.67,Clouds,24.1,Clouds,30.38,Clouds,30.29,Clouds
Matraville,24.33,Clouds,25.67,Clouds,24.1,Clouds,30.38,Clouds,30.29,Clouds
Mays Hill,24.33,Clouds,25.67,Clouds,24.1,Clouds,30.38,Clouds,30.29,Clouds
McCarrs Creek,23.36,Clear,21.22,Clouds,20.29,Clouds,22.33,Clouds,25,Clouds
McGraths Hill,29,Clouds,30.15,Clouds,25.99,Clouds,34.96,Clouds,27.39,Clouds
McMahons Point,24.33,Clouds,25.67,Clouds,24.1,Clouds,30.38,Clouds,30.29,Clouds
Meadowbank,24.33,Clouds,25.67,Clouds,24.1,Clouds,30.38,Clouds,30.29,Clouds
Melrose Park,24.33,Clouds,25.67,Clouds,24.1,Clouds,30.38,Clouds,30.29,Clouds
Menai,24.33,Clouds,25.67,Clouds,24.1,Clouds,30.38,Clouds,30.29,Clouds
Menangle Park,24.33,Clouds,25.67,Clouds,24.1,Clouds,30.38,Clouds,30.29,Clouds
Merrylands,24.33,Clouds,25.67,Clouds,24.1,Clouds,30.38,Clouds,30.29,Clouds
Merrylands West,24.33,Clouds,25.67,Clouds,24.1,Clouds,30.38,Clouds,30.29,Clouds
Middle Cove,24.33,Clouds,25.67,Clouds,24.1,Clouds,30.38,Clouds,30.29,Clouds
Middle Dural,29,Clouds,30.15,Clouds,25.99,Clouds,34.96,Clouds,27.39,Clouds
Middleton Grange,24.33,Clouds,25.67,Clouds,24.1,Clouds,30.38,Clouds,30.29,Clouds
Miller,24.33,Clouds,25.67,Clouds,24.1,Clouds,30.38,Clouds,30.29,Clouds
Millers Point,24.33,Clouds,25.67,Clouds,24.1,Clouds,30.38,Clouds,30.29,Clouds
Milperra,24.33,Clouds,25.67,Clouds,24.1,Clouds,30.38,Clouds,30.29,Clouds
Milsons Passage,29,Clouds,30.15,Clouds,25.99,Clouds,34.96,Clouds,27.39,Clouds
Milsons Point,24.33,Clouds,25.67,Clouds,24.1,Clouds,30.38,Clouds,30.29,Clouds
Minchinbury,24.33,Clouds,25.67,Clouds,24.1,Clouds,30.38,Clouds,30.29,Clouds
Minto,24.33,Clouds,25.67,Clouds,24.1,Clouds,30.38,Clouds,30.29,Clouds
Minto Heights,24.33,Clouds,25.67,Clouds,24.1,Clouds,30.38,Clouds,30.29,Clouds
Miranda,24.33,Clouds,25.67,Clouds,24.1,Clouds,30.38,Clouds,30.29,Clouds
Mona Vale,23.36,Clear,21.22,Clouds,20.29,Clouds,22.33,Clouds,25,Clouds
Monterey,24.33,Clouds,25.67,Clouds,24.1,Clouds,30.38,Clouds,30.29,Clouds
Moore Park,24.33,Clouds,25.67,Clouds,24.1,Clouds,30.38,Clouds,30.29,Clouds
Moorebank,24.33,Clouds,25.67,Clouds,24.1,Clouds,30.38,Clouds,30.29,Clouds
Morning Bay,23.36,Clear,21.22,Clouds,20.29,Clouds,22.33,Clouds,25,Clouds
Mortdale,24.33,Clouds,25.67,Clouds,24.1,Clouds,30.38,Clouds,30.29,Clouds
Mortlake,19.96,Clouds,16.19,Rain,20.47,Clouds,22.03,Clouds,14.13,Rain
Mosman,24.33,Clouds,25.67,Clouds,24.1,Clouds,30.38,Clouds,30.29,Clouds
Mount Annan,24.33,Clouds,25.67,Clouds,24.1,Clouds,30.38,Clouds,30.29,Clouds
Mount Colah,29,Clouds,30.15,Clouds,25.99,Clouds,34.96,Clouds,27.39,Clouds
Mount Druitt,24.33,Clouds,25.67,Clouds,24.1,Clouds,30.38,Clouds,30.29,Clouds
Mount Kuring-Gai,29,Clouds,30.15,Clouds,25.99,Clouds,34.96,Clouds,27.39,Clouds
Mount Lewis,24.33,Clouds,25.67,Clouds,24.1,Clouds,30.38,Clouds,30.29,Clouds
Mount Pritchard,24.33,Clouds,25.67,Clouds,24.1,Clouds,30.38,Clouds,30.29,Clouds
Mount Vernon,24.33,Clouds,25.67,Clouds,24.1,Clouds,30.38,Clouds,30.29,Clouds
Mulgoa,31.78,Clouds,29.82,Clouds,24.14,Clouds,33.09,Clouds,30.16,Clouds
Mulgrave,29,Clouds,30.15,Clouds,25.99,Clouds,34.96,Clouds,27.39,Clouds
Narellan Vale,31.78,Clouds,29.82,Clouds,24.14,Clouds,33.09,Clouds,30.16,Clouds
Naremburn,24.33,Clouds,25.67,Clouds,24.1,Clouds,30.38,Clouds,30.29,Clouds
Narrabeen,23.36,Clear,21.22,Clouds,20.29,Clouds,22.33,Clouds,25,Clouds
Narraweena,22.92,Clouds,20.38,Clouds,19.61,Clouds,21.84,Clouds,26.91,Clouds
Narwee,24.33,Clouds,25.67,Clouds,24.1,Clouds,30.38,Clouds,30.29,Clouds
Nelson,29,Clouds,30.15,Clouds,25.99,Clouds,34.96,Clouds,27.39,Clouds
Neutral Bay,24.33,Clouds,25.67,Clouds,24.1,Clouds,30.38,Clouds,30.29,Clouds
Newington,23.14,Clear,18.8,Clouds,21.06,Clear,26.27,Clouds,13.67,Clear
Newport,23.36,Clear,21.22,Clouds,20.29,Clouds,22.33,Clouds,25,Clouds
Newtown,30.19,Clear,28.5,Clear,28.11,Clear,27.75,Clear,29.19,Clear
Normanhurst,29,Clouds,30.15,Clouds,25.99,Clouds,34.96,Clouds,27.39,Clouds
North Balgowlah,22.92,Clouds,20.38,Clouds,19.61,Clouds,21.84,Clouds,26.91,Clouds
North Bondi,22.92,Clouds,20.38,Clouds,19.61,Clouds,21.84,Clouds,26.91,Clouds
North Curl Curl,22.92,Clouds,20.38,Clouds,19.61,Clouds,21.84,Clouds,26.91,Clouds
North Epping,24.33,Clouds,25.67,Clouds,24.1,Clouds,30.38,Clouds,30.29,Clouds
North Kellyville,29,Clouds,30.15,Clouds,25.99,Clouds,34.96,Clouds,27.39,Clouds
North Manly,22.92,Clouds,20.38,Clouds,19.61,Clouds,21.84,Clouds,26.91,Clouds
North Narrabeen,23.36,Clear,21.22,Clouds,20.29,Clouds,22.33,Clouds,25,Clouds
North Parramatta,24.33,Clouds,25.67,Clouds,24.1,Clouds,30.38,Clouds,30.29,Clouds
North Richmond,32.84,Clouds,28.69,Clouds,23.72,Clouds,29.8,Clouds,26.12,Clouds
North Rocks,24.33,Clouds,25.67,Clouds,24.1,Clouds,30.38,Clouds,30.29,Clouds
North Ryde,24.33,Clouds,25.67,Clouds,24.1,Clouds,30.38,Clouds,30.29,Clouds
North St Marys,24.33,Clouds,25.67,Clouds,24.1,Clouds,30.38,Clouds,30.29,Clouds
North Strathfield,24.33,Clouds,25.67,Clouds,24.1,Clouds,30.38,Clouds,30.29,Clouds
North Sydney,24.33,Clouds,25.67,Clouds,24.1,Clouds,30.38,Clouds,30.29,Clouds
North Turramurra,29,Clouds,30.15,Clouds,25.99,Clouds,34.96,Clouds,27.39,Clouds
North Wahroonga,29,Clouds,30.15,Clouds,25.99,Clouds,34.96,Clouds,27.39,Clouds
North Willoughby,24.33,Clouds,25.67,Clouds,24.1,Clouds,30.38,Clouds,30.29,Clouds
Northbridge,28.03,Clouds,29.47,Clear,27.37,Clouds,26.64,Clear,30.87,Clear
Northmead,24.33,Clouds,25.67,Clouds,24.1,Clouds,30.38,Clouds,30.29,Clouds
Northwood,24.33,Clouds,25.67,Clouds,24.1,Clouds,30.38,Clouds,30.29,Clouds
Norwest,29,Clouds,30.15,Clouds,25.99,Clouds,34.96,Clouds,27.39,Clouds
Oakhurst,29,Clouds,30.15,Clouds,25.99,Clouds,34.96,Clouds,27.39,Clouds
Oakville,29,Clouds,30.15,Clouds,25.99,Clouds,34.96,Clouds,27.39,Clouds
Oatlands,25.03,Clouds,12.62,Rain,19.59,Clouds,23.31,Clouds,11.24,Rain
Oatley,24.33,Clouds,25.67,Clouds,24.1,Clouds,30.38,Clouds,30.29,Clouds
Old Guildford,24.33,Clouds,25.67,Clouds,24.1,Clouds,30.38,Clouds,30.29,Clouds
Old Toongabbie,24.33,Clouds,25.67,Clouds,24.1,Clouds,30.38,Clouds,30.29,Clouds
Oran Park,31.78,Clouds,29.82,Clouds,24.14,Clouds,33.09,Clouds,30.16,Clouds
Orchard Hills,31.78,Clouds,29.82,Clouds,24.14,Clouds,33.09,Clouds,30.16,Clouds
Oxford Falls,29,Clouds,30.15,Clouds,25.99,Clouds,34.96,Clouds,27.39,Clouds
Oxley Park,24.33,Clouds,25.67,Clouds,24.1,Clouds,30.38,Clouds,30.29,Clouds
Oyster Bay,24.33,Clouds,25.67,Clouds,24.1,Clouds,30.38,Clouds,30.29,Clouds
Paddington,24.33,Clouds,25.67,Clouds,24.1,Clouds,30.38,Clouds,30.29,Clouds
Padstow,24.33,Clouds,25.67,Clouds,24.1,Clouds,30.38,Clouds,30.29,Clouds
Padstow Heights,24.33,Clouds,25.67,Clouds,24.1,Clouds,30.38,Clouds,30.29,Clouds
Pagewood,24.33,Clouds,25.67,Clouds,24.1,Clouds,30.38,Clouds,30.29,Clouds
Palm Beach,23.36,Clear,21.22,Clouds,20.29,Clouds,22.33,Clouds,25,Clouds
Panania,24.33,Clouds,25.67,Clouds,24.1,Clouds,30.38,Clouds,30.29,Clouds
Parklea,29,Clouds,30.15,Clouds,25.99,Clouds,34.96,Clouds,27.39,Clouds
Parramatta,24.33,Clouds,25.67,Clouds,24.1,Clouds,30.38,Clouds,30.29,Clouds
Peakhurst,24.33,Clouds,25.67,Clouds,24.1,Clouds,30.38,Clouds,30.29,Clouds
Peakhurst Heights,24.33,Clouds,25.67,Clouds,24.1,Clouds,30.38,Clouds,30.29,Clouds
Pemulwuy,24.33,Clouds,25.67,Clouds,24.1,Clouds,30.38,Clouds,30.29,Clouds
Pendle Hill,24.33,Clouds,25.67,Clouds,24.1,Clouds,30.38,Clouds,30.29,Clouds
Pennant Hills,29,Clouds,30.15,Clouds,25.99,Clouds,34.96,Clouds,27.39,Clouds
Penrith,31.78,Clouds,29.82,Clouds,24.14,Clouds,33.09,Clouds,30.16,Clouds
Penshurst,24.33,Clouds,25.67,Clouds,24.1,Clouds,30.38,Clouds,30.29,Clouds
Petersham,24.33,Clouds,25.67,Clouds,24.1,Clouds,30.38,Clouds,30.29,Clouds
Phillip Bay,24.33,Clouds,25.67,Clouds,24.1,Clouds,30.38,Clouds,30.29,Clouds
Picnic Point,24.33,Clouds,25.67,Clouds,24.1,Clouds,30.38,Clouds,30.29,Clouds
Pitt Town,29,Clouds,30.15,Clouds,25.99,Clouds,34.96,Clouds,27.39,Clouds
Pitt Town Bottoms,29,Clouds,30.15,Clouds,25.99,Clouds,34.96,Clouds,27.39,Clouds
Pleasure Point,24.33,Clouds,25.67,Clouds,24.1,Clouds,30.38,Clouds,30.29,Clouds
Plumpton,24.33,Clouds,25.67,Clouds,24.1,Clouds,30.38,Clouds,30.29,Clouds
Point Piper,22.92,Clouds,20.38,Clouds,19.61,Clouds,21.84,Clouds,26.91,Clouds
Port Botany,24.33,Clouds,25.67,Clouds,24.1,Clouds,30.38,Clouds,30.29,Clouds
Port Hacking,24.33,Clouds,25.67,Clouds,24.1,Clouds,30.38,Clouds,30.29,Clouds
Potts Hill,24.33,Clouds,25.67,Clouds,24.1,Clouds,30.38,Clouds,30.29,Clouds
Potts Point,24.33,Clouds,25.67,Clouds,24.1,Clouds,30.38,Clouds,30.29,Clouds
Prairiewood,24.33,Clouds,25.67,Clouds,24.1,Clouds,30.38,Clouds,30.29,Clouds
Prestons,24.33,Clouds,25.67,Clouds,24.1,Clouds,30.38,Clouds,30.29,Clouds
Prospect,24.33,Clouds,25.67,Clouds,24.1,Clouds,30.38,Clouds,30.29,Clouds
Punchbowl,24.33,Clouds,25.67,Clouds,24.1,Clouds,30.38,Clouds,30.29,Clouds
Putney,24.33,Clouds,25.67,Clouds,24.1,Clouds,30.38,Clouds,30.29,Clouds
Pymble,24.33,Clouds,25.67,Clouds,24.1,Clouds,30.38,Clouds,30.29,Clouds
Pyrmont,24.33,Clouds,25.67,Clouds,24.1,Clouds,30.38,Clouds,30.29,Clouds
Quakers Hill,29,Clouds,30.15,Clouds,25.99,Clouds,34.96,Clouds,27.39,Clouds
Queens Park,22.92,Clouds,20.38,Clouds,19.61,Clouds,21.84,Clouds,26.91,Clouds
Queenscliff,22.92,Clouds,20.38,Clouds,19.61,Clouds,21.84,Clouds,26.91,Clouds
Raby,24.33,Clouds,25.67,Clouds,24.1,Clouds,30.38,Clouds,30.29,Clouds
Ramsgate,24.33,Clouds,25.67,Clouds,24.1,Clouds,30.38,Clouds,30.29,Clouds
Ramsgate Beach,24.33,Clouds,25.67,Clouds,24.1,Clouds,30.38,Clouds,30.29,Clouds
Randwick,24.33,Clouds,25.67,Clouds,24.1,Clouds,30.38,Clouds,30.29,Clouds
Redfern,24.33,Clouds,25.67,Clouds,24.1,Clouds,30.38,Clouds,30.29,Clouds
Regents Park,24.33,Clouds,25.67,Clouds,24.1,Clouds,30.38,Clouds,30.29,Clouds
Regentville,31.78,Clouds,29.82,Clouds,24.14,Clouds,33.09,Clouds,30.16,Clouds
Revesby,24.33,Clouds,25.67,Clouds,24.1,Clouds,30.38,Clouds,30.29,Clouds
Revesby Heights,24.33,Clouds,25.67,Clouds,24.1,Clouds,30.38,Clouds,30.29,Clouds
Rhodes,24.33,Clouds,25.67,Clouds,24.1,Clouds,30.38,Clouds,30.29,Clouds
Richmond,29,Clouds,30.15,Clouds,25.99,Clouds,34.96,Clouds,27.39,Clouds
Riverstone,29,Clouds,30.15,Clouds,25.99,Clouds,34.96,Clouds,27.39,Clouds
Riverview,24.33,Clouds,25.67,Clouds,24.1,Clouds,30.38,Clouds,30.29,Clouds
Riverwood,24.33,Clouds,25.67,Clouds,24.1,Clouds,30.38,Clouds,30.29,Clouds
Rockdale,24.33,Clouds,25.67,Clouds,24.1,Clouds,30.38,Clouds,30.29,Clouds
Rodd Point,24.33,Clouds,25.67,Clouds,24.1,Clouds,30.38,Clouds,30.29,Clouds
Rooty Hill,24.33,Clouds,25.67,Clouds,24.1,Clouds,30.38,Clouds,30.29,Clouds
Ropes Crossing,29,Clouds,30.15,Clouds,25.99,Clouds,34.96,Clouds,27.39,Clouds
Rose Bay,22.92,Clouds,20.38,Clouds,19.61,Clouds,21.84,Clouds,26.91,Clouds
Rosebery,15.02,Clouds,11.96,Rain,15.2,Clouds,13.23,Clouds,9.24,Rain
Rosehill,24.33,Clouds,25.67,Clouds,24.1,Clouds,30.38,Clouds,30.29,Clouds
Roselands,24.33,Clouds,25.67,Clouds,24.1,Clouds,30.38,Clouds,30.29,Clouds
Rosemeadow,24.33,Clouds,25.67,Clouds,24.1,Clouds,30.38,Clouds,30.29,Clouds
Roseville,24.33,Clouds,25.67,Clouds,24.1,Clouds,30.38,Clouds,30.29,Clouds
Roseville Chase,24.33,Clouds,25.67,Clouds,24.1,Clouds,30.38,Clouds,30.29,Clouds
Rossmore,24.33,Clouds,25.67,Clouds,24.1,Clouds,30.38,Clouds,30.29,Clouds
Rouse Hill,29,Clouds,30.15,Clouds,25.99,Clouds,34.96,Clouds,27.39,Clouds
Rozelle,24.33,Clouds,25.67,Clouds,24.1,Clouds,30.38,Clouds,30.29,Clouds
Ruse,24.33,Clouds,25.67,Clouds,24.1,Clouds,30.38,Clouds,30.29,Clouds
Rushcutters Bay,24.33,Clouds,25.67,Clouds,24.1,Clouds,30.38,Clouds,30.29,Clouds
Russell Lea,24.33,Clouds,25.67,Clouds,24.1,Clouds,30.38,Clouds,30.29,Clouds
Rydalmere,24.33,Clouds,25.67,Clouds,24.1,Clouds,30.38,Clouds,30.29,Clouds
Ryde,24.33,Clouds,25.67,Clouds,24.1,Clouds,30.38,Clouds,30.29,Clouds
Sackville,29,Clouds,30.15,Clouds,25.99,Clouds,34.96,Clouds,27.39,Clouds
Sackville North,29,Clouds,30.15,Clouds,25.99,Clouds,34.96,Clouds,27.39,Clouds
Sadleir,24.33,Clouds,25.67,Clouds,24.1,Clouds,30.38,Clouds,30.29,Clouds
Sandringham,24.33,Clouds,25.67,Clouds,24.1,Clouds,30.38,Clouds,30.29,Clouds
Sandy Point,24.33,Clouds,25.67,Clouds,24.1,Clouds,30.38,Clouds,30.29,Clouds
Sans Souci,24.33,Clouds,25.67,Clouds,24.1,Clouds,30.38,Clouds,30.29,Clouds
Scheyville,29,Clouds,30.15,Clouds,25.99,Clouds,34.96,Clouds,27.39,Clouds
Schofields,29,Clouds,30.15,Clouds,25.99,Clouds,34.96,Clouds,27.39,Clouds
Scotland Island,23.36,Clear,21.22,Clouds,20.29,Clouds,22.33,Clouds,25,Clouds
Seaforth,29.33,Clear,29.1,Clear,28.84,Rain,28.7,Clear,28.84,Clouds
Sefton,24.33,Clouds,25.67,Clouds,24.1,Clouds,30.38,Clouds,30.29,Clouds
Seven Hills,30.17,Clear,28.5,Clear,28.11,Clear,27.75,Clear,29.19,Clear
Shalvey,29,Clouds,30.15,Clouds,25.99,Clouds,34.96,Clouds,27.39,Clouds
Shanes Park,29,Clouds,30.15,Clouds,25.99,Clouds,34.96,Clouds,27.39,Clouds
Silverwater,23.58,Clouds,27.03,Clouds,20.63,Clouds,31.13,Clouds,19.04,Rain
Singletons Mill,29,Clouds,30.15,Clouds,25.99,Clouds,34.96,Clouds,27.39,Clouds
Smeaton Grange,24.33,Clouds,25.67,Clouds,24.1,Clouds,30.38,Clouds,30.29,Clouds
Smithfield,24.33,Clouds,25.67,Clouds,24.1,Clouds,30.38,Clouds,30.29,Clouds
South Coogee,22.92,Clouds,20.38,Clouds,19.61,Clouds,21.84,Clouds,26.91,Clouds
South Granville,24.33,Clouds,25.67,Clouds,24.1,Clouds,30.38,Clouds,30.29,Clouds
South Hurstville,24.33,Clouds,25.67,Clouds,24.1,Clouds,30.38,Clouds,30.29,Clouds
South Maroota,29,Clouds,30.15,Clouds,25.99,Clouds,34.96,Clouds,27.39,Clouds
South Penrith,31.78,Clouds,29.82,Clouds,24.14,Clouds,33.09,Clouds,30.16,Clouds
South Turramurra,24.33,Clouds,25.67,Clouds,24.1,Clouds,30.38,Clouds,30.29,Clouds
South Wentworthville,24.33,Clouds,25.67,Clouds,24.1,Clouds,30.38,Clouds,30.29,Clouds
South Windsor,29,Clouds,30.15,Clouds,25.99,Clouds,34.96,Clouds,27.39,Clouds
Spring Farm,31.78,Clouds,29.82,Clouds,24.14,Clouds,33.09,Clouds,30.16,Clouds
St Andrews,22.42,Clear,20.94,Clouds,23.89,Clear,27.25,Clear,13.42,Rain
St Clair,24.33,Clouds,25.67,Clouds,24.1,Clouds,30.38,Clouds,30.29,Clouds
St Helens Park,24.33,Clouds,25.67,Clouds,24.1,Clouds,30.38,Clouds,30.29,Clouds
St Ives,29,Clouds,30.15,Clouds,25.99,Clouds,34.96,Clouds,27.39,Clouds
St Ives Chase,29,Clouds,30.15,Clouds,25.99,Clouds,34.96,Clouds,27.39,Clouds
St Johns Park,24.33,Clouds,25.67,Clouds,24.1,Clouds,30.38,Clouds,30.29,Clouds
St Leonards,24.33,Clouds,25.67,Clouds,24.1,Clouds,30.38,Clouds,30.29,Clouds
St Marys,18.5,Clouds,17.53,Rain,20.87,Clouds,23.28,Clouds,10.82,Rain
St Peters,24.33,Clouds,25.67,Clouds,24.1,Clouds,30.38,Clouds,30.29,Clouds
Stanhope Gardens,29,Clouds,30.15,Clouds,25.99,Clouds,34.96,Clouds,27.39,Clouds
Stanmore,24.33,Clouds,25.67,Clouds,24.1,Clouds,30.38,Clouds,30.29,Clouds
Strathfield,24.33,Clouds,25.67,Clouds,24.1,Clouds,30.38,Clouds,30.29,Clouds
Strathfield South,24.33,Clouds,25.67,Clouds,24.1,Clouds,30.38,Clouds,30.29,Clouds
Summer Hill,31.8,Clouds,29.97,Clouds,27.84,Clouds,30.24,Clouds,24.64,Clouds
Surry Hills,24.33,Clouds,25.67,Clouds,24.1,Clouds,30.38,Clouds,30.29,Clouds
Sutherland,24.33,Clouds,25.67,Clouds,24.1,Clouds,30.38,Clouds,30.29,Clouds
Sydenham,21,Clear,23.09,Clouds,25.37,Clear,29.21,Clouds,16.17,Clouds
Sydney,24.33,Clouds,25.67,Clouds,24.1,Clouds,30.38,Clouds,30.29,Clouds
Sydney Olympic Park,24.33,Clouds,25.67,Clouds,24.1,Clouds,30.38,Clouds,30.29,Clouds
Sylvania,24.33,Clouds,25.67,Clouds,24.1,Clouds,30.38,Clouds,30.29,Clouds
Sylvania Waters,24.33,Clouds,25.67,Clouds,24.1,Clouds,30.38,Clouds,30.29,Clouds
Tamarama,22.92,Clouds,20.38,Clouds,19.61,Clouds,21.84,Clouds,26.91,Clouds
Taren Point,24.33,Clouds,25.67,Clouds,24.1,Clouds,30.38,Clouds,30.29,Clouds
Telopea,24.33,Clouds,25.67,Clouds,24.1,Clouds,30.38,Clouds,30.29,Clouds
Tempe,24.33,Clouds,25.67,Clouds,24.1,Clouds,30.38,Clouds,30.29,Clouds
Tennyson,30.17,Clear,28.5,Clear,28.11,Clear,27.75,Clear,29.19,Clear
Tennyson Point,24.33,Clouds,25.67,Clouds,24.1,Clouds,30.38,Clouds,30.29,Clouds
Terrey Hills,29,Clouds,30.15,Clouds,25.99,Clouds,34.96,Clouds,27.39,Clouds
The Ponds,29,Clouds,30.15,Clouds,25.99,Clouds,34.96,Clouds,27.39,Clouds
The Rocks,24.33,Clouds,25.67,Clouds,24.1,Clouds,30.38,Clouds,30.29,Clouds
The Slopes,32.84,Clouds,28.69,Clouds,23.72,Clouds,29.8,Clouds,26.12,Clouds
Thornleigh,29,Clouds,30.15,Clouds,25.99,Clouds,34.96,Clouds,27.39,Clouds
Toongabbie,24.33,Clouds,25.67,Clouds,24.1,Clouds,30.38,Clouds,30.29,Clouds
Tregear,24.33,Clouds,25.67,Clouds,24.1,Clouds,30.38,Clouds,30.29,Clouds
Turramurra,29,Clouds,30.15,Clouds,25.99,Clouds,34.96,Clouds,27.39,Clouds
Turrella,24.33,Clouds,25.67,Clouds,24.1,Clouds,30.38,Clouds,30.29,Clouds
Ultimo,24.33,Clouds,25.67,Clouds,24.1,Clouds,30.38,Clouds,30.29,Clouds
Varroville,24.33,Clouds,25.67,Clouds,24.1,Clouds,30.38,Clouds,30.29,Clouds
Vaucluse,22.92,Clouds,20.38,Clouds,19.61,Clouds,21.84,Clouds,26.91,Clouds
Villawood,24.33,Clouds,25.67,Clouds,24.1,Clouds,30.38,Clouds,30.29,Clouds
Vineyard,29,Clouds,30.15,Clouds,25.99,Clouds,34.96,Clouds,27.39,Clouds
Voyager Point,24.33,Clouds,25.67,Clouds,24.1,Clouds,30.38,Clouds,30.29,Clouds
Wahroonga,29,Clouds,30.15,Clouds,25.99,Clouds,34.96,Clouds,27.39,Clouds
Waitara,29,Clouds,30.15,Clouds,25.99,Clouds,34.96,Clouds,27.39,Clouds
Wakeley,24.33,Clouds,25.67,Clouds,24.1,Clouds,30.38,Clouds,30.29,Clouds
Wallacia,31.78,Clouds,29.82,Clouds,24.14,Clouds,33.09,Clouds,30.16,Clouds
Wareemba,24.33,Clouds,25.67,Clouds,24.1,Clouds,30.38,Clouds,30.29,Clouds
Warrawee,29,Clouds,30.15,Clouds,25.99,Clouds,34.96,Clouds,27.39,Clouds
Warriewood,23.36,Clear,21.22,Clouds,20.29,Clouds,22.33,Clouds,25,Clouds
Warwick Farm,24.33,Clouds,25.67,Clouds,24.1,Clouds,30.38,Clouds,30.29,Clouds
Waterfall,24.33,Clouds,25.67,Clouds,24.1,Clouds,30.38,Clouds,30.29,Clouds
Waterloo,24.33,Clouds,25.67,Clouds,24.1,Clouds,30.38,Clouds,30.29,Clouds
Watsons Bay,22.92,Clouds,20.38,Clouds,19.61,Clouds,21.84,Clouds,26.91,Clouds
Wattle Grove,24.33,Clouds,25.67,Clouds,24.1,Clouds,30.38,Clouds,30.29,Clouds
Waverley,22.92,Clouds,20.38,Clouds,19.61,Clouds,21.84,Clouds,26.91,Clouds
Waverton,24.33,Clouds,25.67,Clouds,24.1,Clouds,30.38,Clouds,30.29,Clouds
Wedderburn,24.65,Clear,24.15,Clouds,25.34,Clear,32.34,Clouds,19.59,Clear
Wentworth Point,24.33,Clouds,25.67,Clouds,24.1,Clouds,30.38,Clouds,30.29,Clouds
Wentworthville,24.33,Clouds,25.67,Clouds,24.1,Clouds,30.38,Clouds,30.29,Clouds
Werrington,24.33,Clouds,25.67,Clouds,24.1,Clouds,30.38,Clouds,30.29,Clouds
Werrington County,24.33,Clouds,25.67,Clouds,24.1,Clouds,30.38,Clouds,30.29,Clouds
Werrington Downs,32.84,Clouds,28.69,Clouds,23.72,Clouds,29.8,Clouds,26.12,Clouds
West Hoxton,24.33,Clouds,25.67,Clouds,24.1,Clouds,30.38,Clouds,30.29,Clouds
West Pennant Hills,24.33,Clouds,25.67,Clouds,24.1,Clouds,30.38,Clouds,30.29,Clouds
West Pymble,24.33,Clouds,25.67,Clouds,24.1,Clouds,30.38,Clouds,30.29,Clouds
West Ryde,24.33,Clouds,25.67,Clouds,24.1,Clouds,30.38,Clouds,30.29,Clouds
Westleigh,29,Clouds,30.15,Clouds,25.99,Clouds,34.96,Clouds,27.39,Clouds
Westmead,24.33,Clouds,25.67,Clouds,24.1,Clouds,30.38,Clouds,30.29,Clouds
Wetherill Park,24.33,Clouds,25.67,Clouds,24.1,Clouds,30.38,Clouds,30.29,Clouds
Whalan,24.33,Clouds,25.67,Clouds,24.1,Clouds,30.38,Clouds,30.29,Clouds
Whale Beach,23.34,Clear,21.22,Clouds,20.29,Clouds,22.33,Clouds,25,Clouds
Wheeler Heights,23.36,Clear,21.22,Clouds,20.29,Clouds,22.33,Clouds,25,Clouds
Wilberforce,29,Clouds,30.15,Clouds,25.99,Clouds,34.96,Clouds,27.39,Clouds
Wiley Park,24.33,Clouds,25.67,Clouds,24.1,Clouds,30.38,Clouds,30.29,Clouds
Willmot,29,Clouds,30.15,Clouds,25.99,Clouds,34.96,Clouds,27.39,Clouds
Willoughby,24.33,Clouds,25.67,Clouds,24.1,Clouds,30.38,Clouds,30.29,Clouds
Willoughby East,24.33,Clouds,25.67,Clouds,24.1,Clouds,30.38,Clouds,30.29,Clouds
Windsor,29,Clouds,30.15,Clouds,25.99,Clouds,34.96,Clouds,27.39,Clouds
Windsor Downs,29,Clouds,30.15,Clouds,25.99,Clouds,34.96,Clouds,27.39,Clouds
Winston Hills,24.33,Clouds,25.67,Clouds,24.1,Clouds,30.38,Clouds,30.29,Clouds
Wisemans Ferry,29,Clouds,30.15,Clouds,25.99,Clouds,34.96,Clouds,27.39,Clouds
Wolli Creek,24.33,Clouds,25.67,Clouds,24.1,Clouds,30.38,Clouds,30.29,Clouds
Wollstonecraft,24.33,Clouds,25.67,Clouds,24.1,Clouds,30.38,Clouds,30.29,Clouds
Woodbine,24.33,Clouds,25.67,Clouds,24.1,Clouds,30.38,Clouds,30.29,Clouds
Woodcroft,24.33,Clouds,25.67,Clouds,24.1,Clouds,30.38,Clouds,30.29,Clouds
Woodpark,24.33,Clouds,25.67,Clouds,24.1,Clouds,30.38,Clouds,30.29,Clouds
Woollahra,24.33,Clouds,25.67,Clouds,24.1,Clouds,30.38,Clouds,30.29,Clouds
Woolloomooloo,24.33,Clouds,25.67,Clouds,24.1,Clouds,30.38,Clouds,30.29,Clouds
Woolooware,24.33,Clouds,25.67,Clouds,24.1,Clouds,30.38,Clouds,30.29,Clouds
Woolwich,24.33,Clouds,25.67,Clouds,24.1,Clouds,30.38,Clouds,30.29,Clouds
Woronora,24.33,Clouds,25.67,Clouds,24.1,Clouds,30.38,Clouds,30.29,Clouds
Woronora Heights,24.33,Clouds,25.67,Clouds,24.1,Clouds,30.38,Clouds,30.29,Clouds
Yagoona,24.33,Clouds,25.67,Clouds,24.1,Clouds,30.38,Clouds,30.29,Clouds
Yarramundi,32.84,Clouds,28.69,Clouds,23.72,Clouds,29.8,Clouds,26.12,Clouds
Yarrawarrah,24.33,Clouds,25.67,Clouds,24.1,Clouds,30.38,Clouds,30.29,Clouds
Yennora,24.33,Clouds,25.67,Clouds,24.1,Clouds,30.38,Clouds,30.29,Clouds
Yowie Bay,24.33,Clouds,25.67,Clouds,24.1,Clouds,30.38,Clouds,30.29,Clouds
Zetland,24.33,Clouds,25.67,Clouds,24.1,Clouds,30.38,Clouds,30.29,Clouds
